Item Title,Description,Unit Size,Number Sold,Quantity,Unit Price,Deposit Price,Price/Lb,Min Weight,Max Weight,Shipping Enabled,Shipping Weight,Pricing Sheet,Category,Farm Responsible,Schedule
12-pack Sourdough Cookies,12-pack Sourdough Cookies,12-pack,42,-38,24,-,,-,-,FALSE,-,Retail,Bakery,Sourdough Haven Bread and Bakery [F18],Retail
A2A2 Cow Milk Kefir,A2A2 Cow Milk Kefir,Pint,3,-2,12,-,,-,-,FALSE,-,Private,Dairy & Eggs,Fuster Cluck Farm,Retail
Apple Cinnamon Goat Milk Soap,Apple Cinnamon Goat Milk Soap,Bar,3,-1,10,-,,-,-,FALSE,-,Retail,Non-Food Items,Fuster Cluck Farm,Retail
Bagels - Sourdough - 4 pack,Bagels - Sourdough - 4 pack,4 Pack,97,-97,10,-,,-,-,FALSE,-,Retail,Bakery,Sourdough Haven Bread and Bakery [F7],Retail
Beef - 10-pack Ground bundle,Beef - 10-pack Ground bundle,10 Pounds,25,5,100,-,,-,-,FALSE,-,Retail,Beef,Fuster Cluck Farm,Retail
Beef - Back Ribs,Beef - Back Ribs,2-3 LBS,3,1,-,12,10,2,3,FALSE,-,Retail,Beef,Fuster Cluck Farm,Retail
Beef - BBQ Ribs,Beef - BBQ Ribs,3-4.25 LB,5,11,-,14,15,3,4.25,FALSE,-,Retail,Beef,Fuster Cluck Farm,Retail
Beef - Bottom Round Steak,Beef - Bottom Round Steak,0.4 - 0.75 LB,33,-13,-,7,15,0.4,0.75,FALSE,-,Retail,Beef,Fuster Cluck Farm,Retail
Beef - Brisket,#NAME?,1.5-6.75 lb,3,-3,-,12,15,1.5,6.75,FALSE,-,Retail,Beef,Fuster Cluck Farm,Retail
Beef - Canoe Marrow Bones,#NAME?,0.5-1.25 lb,2,1,-,3,12,0.5,1.25,FALSE,-,Retail,Beef,Fuster Cluck Farm,Retail
Beef - Chuck Roast,#NAME?,0.9-6.5 lb,11,-4,-,9,16,0.9,6.5,FALSE,-,Retail,Beef,Fuster Cluck Farm,Retail
Beef - Fat  tallow ,Beef - Fat  tallow ,4 to 6 lb,1,26,-,2,5,1,3.25,FALSE,-,Retail,Beef,Fuster Cluck Farm,Retail
Beef - Filet Mignon,"--- Filet Mignon is a delicate steak cut of beef from the tenderloin  back of a beef . It is an extremely tender and elegant cut with a melt-in-your-mouth texture. Enjoy the ""King of Steaks""!",0.2-0.8 lb,13,5,-,3,42,0.2,0.8,FALSE,-,Retail,Beef,Fuster Cluck Farm,Retail
Beef - Flank Steak,--- Flank Steak is a lean steak that is perfect for grilling  roasting  or broiling!,0.35-2 lb,2,-,-,5,24,0.35,2,FALSE,-,Retail,Beef,Fuster Cluck Farm,Retail
Beef - Flat Iron,#NAME?,0.3-1.5 lb,16,-3,-,3.5,24,0.3,1.5,FALSE,-,Retail,Beef,Fuster Cluck Farm,Retail
Beef - Ground / Hamburger,Enjoy delicious minced beef in your next meal or make the best burgers around. Quick  easy  and versatile!,0.75-1.25 LB,66,184,-,7,12,0.75,1.25,FALSE,-,Retail,Beef,Fuster Cluck Farm,Retail
Beef - Ground Brisket,Beef - Ground Brisket,0.75-1.75 lb,11,9,-,5,13,0.75,1.75,FALSE,-,Retail,Beef,Fuster Cluck Farm,Retail
Beef - Ground with Organ Meat,Beef - Ground with Organ Meat,0.75-1.25 LB,41,29,-,7,13,0.75,1.25,FALSE,-,Retail,Beef,Fuster Cluck Farm,Retail
Beef - Hanger Steak  Hanging Tender ,Beef - Hanger Steak  Haning Tender ,0.75-1.5 lb,-,1,-,13,25,0.75,1.5,FALSE,-,Retail,Beef,Fuster Cluck Farm,Retail
Beef - Heart,#NAME?,2-3.5 lb,2,-,-,10,11,2,3.5,FALSE,-,Retail,Beef,Fuster Cluck Farm,Retail
Beef - Knuckle Bones,Beef - Knuckle Bones,0.45-1.75 lb,8,8,-,1.5,10,0.45,1.75,FALSE,-,Retail,Beef,Fuster Cluck Farm,Retail
Beef - Liver,--- Plentiful in protein and iron  the Beef Liver has a rich flavor. Great to pan-fry!,0.75-3 lb,23,17,-,2.5,15,0.75,3,FALSE,-,Retail,Beef,Fuster Cluck Farm,Retail
Beef - London Broil,#NAME?,1.4-4.25 lb,5,2,-,14,13,1.4,4.25,FALSE,-,Retail,Beef,Fuster Cluck Farm,Retail
Beef - Marrow Bones,#NAME?,1-2 lb,4,21,-,2,12,1,2,FALSE,-,Retail,Beef,Fuster Cluck Farm,Retail
Beef - NY Strip Steak/Beef Loin Strip Steak,#NAME?,0.3-1.25 lb,43,29,-,7,35,0.3,1.25,FALSE,-,Retail,Beef,Fuster Cluck Farm,Retail
Beef - Osso Buco/Beef Shank,#NAME?,0.3-2.5 lb,9,-1,-,3,15,0.3,2.5,FALSE,-,Retail,Beef,Fuster Cluck Farm,Retail
Beef - Ox Tail,#NAME?,0.75-1.75 lb,4,-,-,8,18,0.75,1.75,FALSE,-,Retail,Beef,Fuster Cluck Farm,Retail
Beef - Patties - 4 pack,Beef - Patties - 4 pack,0.85-1.25 LB,48,-8,-,7,13,0.85,1.25,FALSE,-,Retail,Beef,Fuster Cluck Farm,Retail
Beef - Rendered Tallow - Quart,Rendered Tallow - Quart. Rendered at a USDA faciility.,Quart,8,37,35,-,,-,-,FALSE,-,Retail,Beef,Fuster Cluck Farm,Retail
Beef - Ribeye Steak,--- A perfect prime steak with a buttery taste and marbling. A tender cut that is great to grill for the best sear!,0.6-3 lb,37,-3,-,12,35,0.6,3,FALSE,-,Retail,Beef,Fuster Cluck Farm,Retail
Beef - Short Ribs,#NAME?,1.2-4.5 lb,11,-11,-,5,15,1.2,4.5,FALSE,-,Retail,Beef,Fuster Cluck Farm,Retail
Beef - Sirloin Beef Roast,Beef - Sirloin Beef Roast,2.5-3.5 LB,13,-6,-,30,17,2.5,3.5,FALSE,-,Retail,Beef,Fuster Cluck Farm,Retail
Beef - Sirloin Tip Roast,#NAME?,2-4 lb,5,-,-,25,17,2,4,FALSE,-,Retail,Beef,Fuster Cluck Farm,Retail
Beef - Skirt Steak,--- Skirt steaks are great marinated and grilled. Slice it thin against the grain and serve over some cilantro rice or tacos- or both!,0.2-3.0 lb,4,-,-,3,25,0.2,3,FALSE,-,Retail,Beef,Fuster Cluck Farm,Retail
Beef - Soup Bones,--- Beef Soup Bones are ideal for a flavorful stock or soup. It adds richness and is highly nutritious! ,1-4 lb,3,8,-,2,8,1,4,FALSE,-,Retail,Beef,Fuster Cluck Farm,Retail
Beef - Stew meat,Beef - Stew meat,0.75-1.25 lb,13,17,-,6,15,0.75,1.25,FALSE,-,Retail,Beef,Fuster Cluck Farm,Retail
Beef - Tongue,--- Beef Tongue  or Lengua  is a key ingredient in many national cuisines  Beef Tongue can be boiled  pickled  roasted  or braised for a chewy  nutritious meal!,1-4 lb,1,-,-,6,12,1,4,FALSE,-,Retail,Beef,Fuster Cluck Farm,Retail
Beef - Tri Tip,--- This triangular cut from the sirloin is very juicy and flavorful. Rub it with seasoning and place on the grill!,1.5-3 lb,1,3,-,6,22,1,2.5,FALSE,-,Retail,Beef,Fuster Cluck Farm,Retail
Blueberry Bovre Cow Cheese,Blueberry Bovre Cow Cheese,8 oz,38,-36,12,-,,-,-,FALSE,-,Retail,Dairy & Eggs,Fuster Cluck Farm,Retail
Blueberry Jam,Blueberry Jam,Half Pint,21,-14,15,-,,-,-,FALSE,-,Retail,Fruit,Fuster Cluck Farm,Retail
Body Scrub Gift Bag,Body Scrub Gift Bag,Each,4,-,18,-,,-,-,FALSE,-,Retail,Non-Food Items,Fuster Cluck Farm,Retail
Book - 11 Dietary Principles,Book - 11 Dietary Principles,Each,7,1,10,-,,-,-,FALSE,-,Retail,Non-Food Items,Fuster Cluck Farm,Retail
Book - Healthy 4 Life,Book - Healthy 4 Life,Each,4,4,10,-,,-,-,FALSE,-,Retail,Non-Food Items,Fuster Cluck Farm,Retail
Book - Nourishing Traditions,Book - Nourishing Traditions,Each,2,6,27,-,,-,-,FALSE,-,Retail,Non-Food Items,Fuster Cluck Farm,Retail
Book - Nourishing Traditions Book of Baby & Child Care,Book - Nourishing Traditions Book of Baby & Child Care,Each,2,12,27,-,,-,-,FALSE,-,Retail,Non-Food Items,Fuster Cluck Farm,Retail
Book - Nourishing Traditions Cookbook for Children,Book - Nourishing Traditions Cookbook for Children,Each,4,12,27,-,,-,-,FALSE,-,Retail,Non-Food Items,Fuster Cluck Farm,Retail
Bovre - Everything Bagel Cow Cheese,Bovre - Everything Bagel Cow Cheese,1/2 Pound,23,-23,12,-,,-,-,FALSE,-,Private,Dairy & Eggs,Fuster Cluck Farm,Retail
Bovre - French Onion Cow Cheese,Bovre - French Onion Cow Cheese,8 oz.,26,-26,12,-,,-,-,FALSE,-,Retail,Dairy & Eggs,Fuster Cluck Farm,Retail
Bovre with Pepper Jelly Cheese,Bovre with Pepper Jelly Cheese,8 oz,14,-11,16,-,,-,-,FALSE,-,Retail,Dairy & Eggs,Fuster Cluck Farm,Retail
Bread - Sliced Sourdough Sandwich,Bread - Sliced Sourdough Sandwich,Loaf,266,-266,15,-,,-,-,FALSE,-,Retail,Bakery,Sourdough Haven Bread and Bakery [F10],Retail
Bread - Sourdough Crusty Country,Bread - Sourdough Crusty Country,Loaf,458,-454,15,-,,-,-,FALSE,-,Retail,Pantry,Sourdough Haven Bread and Bakery [F10],Retail
Butter - Salted - Simply Natural Creamery,Butter - Salted - Simply Natural Creamery,1 LB,28,-18,14,-,,-,-,FALSE,-,Retail,Dairy & Eggs,Simply Natural Creamery,Retail
Buttermilk - Simply Natural Creamery,Buttermilk - Simply Natural Creamery,Half Gallon,6,-3,10,-,,-,-,FALSE,-,Retail,Dairy & Eggs,Fuster Cluck Farm,Retail
Cajeta Caramel Sauce Nigerian Dwarf Goat Milk Cheese,Cajeta Caramel Sauce Nigerian Dwarf Goat Milk Cheese,8 oz.,19,-19,14,-,,-,-,FALSE,-,Private,Dairy & Eggs,Fuster Cluck Farm,Retail
Candied Cinnamon Pecans,Candied Cinnamon Pecans,Jar,10,-6,15,-,,-,-,FALSE,-,Retail,Pantry,Fuster Cluck Farm,Retail
Chevre - Blueberry Nigerian Goat Cheese,Chevre - Blueberry Nigerian Goat Cheese,1/2 Pound,16,-,14,-,,-,-,FALSE,-,Private,Dairy & Eggs,Fuster Cluck Farm,Retail
Chevre - Everything Bagel Goat Cheese,Chevre - Everything Bagel Goat Cheese,1/2 Pound,26,-22,14,-,,-,-,FALSE,-,Private,Dairy & Eggs,Fuster Cluck Farm,Retail
Chevre - French Onion Nigerian Dwarf Goat Cheese,Chevre - French Onion Nigerian Dwarf Goat Cheese,1/2 Pound,6,-2,14,-,,-,-,FALSE,-,Private,Dairy & Eggs,Fuster Cluck Farm,Retail
Chevre - Garlic-Herb Nigerian Dwarf Goat Cheese,Cajeta Caramel Sauce Nigerian Dwarf Goat Milk Cheese,1/2 Pound,34,-33,14,-,,-,-,FALSE,-,Private,Dairy & Eggs,Fuster Cluck Farm,Retail
Chevre - Honey-Vanilla - Nigerian Dwarf Goat Cheese,Chevre - Honey-Vanilla - Nigerian Dwarf Goat Cheese,1/2 Pound,19,-18,14,-,,-,-,FALSE,-,Private,Dairy & Eggs,Fuster Cluck Farm,Retail
Chevre - Salted Nigerian Dwarf Goat Cheese,Chevre - Salted Nigerian Dwarf Goat Cheese,1/2 Pound,15,-12,14,-,,-,-,FALSE,-,Private,Dairy & Eggs,Fuster Cluck Farm,Retail
Chevre - Spiced Fig Chevre Goat Cheese,Chevre - Spiced Fig Chevre Goat Cheese,1/2 Pound,14,-14,14,-,,-,-,FALSE,-,Private,Dairy & Eggs,Fuster Cluck Farm,Retail
Chevre - Strawberry Goat Cheese,Chevre - Strawberry Goat Cheese,1/2 Pound,28,-25,14,-,,-,-,FALSE,-,Private,Dairy & Eggs,Fuster Cluck Farm,Retail
Chevre - Un-salted Nigerian Dwarf Goat Cheese,Chevre - Un-salted Nigerian Goat Dwarf Cheese,1/2 Pound,2,-,14,-,,-,-,FALSE,-,Private,Dairy & Eggs,Fuster Cluck Farm,Retail
Chicken - 4 Packages of Drumsticks,Chicken - 4 Packages of Drumsticks,4 4-Packs,6,4,34,-,,-,-,FALSE,-,Retail,Poultry,Fuster Cluck Farm,Retail
Chicken - Boneless Skinless Breast,--- Juicy chicken breasts. These tender cuts are versatile and delicious on the grill  baked  cut up for stir fry or salad  and more!,0.25-1 lb,112,-108,-,4,19,0.25,1,FALSE,-,Retail,Poultry,Fuster Cluck Farm,Retail
Chicken - Drumsticks,--- Chicken drumsticks are juicy and full of flavor. These are fun to eat and taste great with whatever seasoning you're craving.,Pound,5,53,-,3.25,9,0.5,1.5,FALSE,-,Retail,Poultry,Fuster Cluck Farm,Retail
Chicken - Feet,#NAME?,0.3-1.5 lb,1,19,-,1,4,0.3,1.5,FALSE,-,Retail,Poultry,Fuster Cluck Farm,Retail
Chicken - Heads,Chicken - Heads,0.75-1.25 LB,-,10,-,2,4,1.25,1.75,FALSE,-,Retail,Poultry,Fuster Cluck Farm,Retail
Chicken - Hearts,Chicken hearts are high in iron  vitamin B  and zinc. They are easy to pan fry or grill with olive oil and your choice of seasoning.,0.25-0.6 lb,1,-1,-,1,11,0.25,0.6,FALSE,-,Retail,Poultry,Fuster Cluck Farm,Retail
Chicken - Leg Quarters,#NAME?,1-2 lb,3,-,-,6.5,11,1,2,FALSE,-,Retail,Poultry,Fuster Cluck Farm,Retail
Chicken - Livers,Chicken livers are packed full of nutrients. Pan fry  grill  or make delicious pÃ¢tÃ©.,1-2 lb,1,10,-,4,10,1,2,FALSE,-,Retail,Poultry,Fuster Cluck Farm,Retail
Chicken - Necks,Chicken - Necks,1-2 Lbs,-,28,-,1.5,4,1,2,FALSE,-,Retail,Poultry,Fuster Cluck Farm,Retail
Chicken - Spatchcock,Chicken - Spatchcock,2.5-5 lb,4,-,-,19,10,2.5,6,FALSE,-,Retail,Poultry,Fuster Cluck Farm,Retail
Chicken - Stock Kit,Chicken - Stock Kit - make your own chicken stock / broth!,Pound,5,8,-,0.75,4,0.5,2.25,FALSE,-,Retail,Poultry,Fuster Cluck Farm,Retail
Chicken - Tenderloin  Tenders ,#NAME?,0.25-1.5 LB,-,-,-,8,19,0.25,1.5,FALSE,-,Retail,Poultry,Fuster Cluck Farm,Retail
Chicken - Thighes - Bone In,#NAME?,1-2 lb,1,-1,-,4,12,1,2,FALSE,-,Retail,Poultry,Fuster Cluck Farm,Retail
Chicken - Whole,#NAME?,2.5-6 lb,2,-2,-,12,9,2.5,6,FALSE,-,Retail,Poultry,Fuster Cluck Farm,Retail
Chicken - Wings,--- Chicken wings are a great crowd pleaser. These finger-licking-good wings are great grilled  fried  or baked. Don't forget the sauce!,1.5-3.5 lb,10,5,-,10,9,1.5,3.5,FALSE,-,Retail,Poultry,Fuster Cluck Farm,Retail
Chocolate Milk - Simply Natural Creamery,Chocolate Milk - Simply Natural Creamery,Pint,-,-,5,-,,-,-,FALSE,-,Retail,Dairy & Eggs,Fuster Cluck Farm,Retail
Christmas Jam,Christmas Jam,Jar,28,-24,15,-,,-,-,FALSE,-,Retail,Pantry,Fuster Cluck Farm,Retail
Cinnamon Pickles,Cinnamon Pickles,12 oz,18,-7,12,-,,-,-,FALSE,-,Retail,Pantry,Fuster Cluck Farm,Retail
Cinnamon Rolls,Cinnamon Rolls,Container,60,-36,15,-,,-,-,FALSE,-,Retail,Bakery,Fuster Cluck Farm,Retail
Cinnamon Tincture,Cinnamon Tincture,2 oz,17,-15,15,-,,-,-,FALSE,-,Retail,Pantry,Fuster Cluck Farm,Retail
Clean Cotton Goat Milk Soap,Clean Cotton Goat Milk Soap,Bar,12,-5,10,-,,-,-,FALSE,-,Retail,Non-Food Items,Fuster Cluck Farm,Retail
Coconut Lime Verbena Goat Milk Soap,Coconut Lime Verbena Goat Milk Soap,Bar,-,-,10,-,,-,-,FALSE,-,Retail,Non-Food Items,Fuster Cluck Farm,Retail
Coffee - 12 oz. Roasted,Coffee - 12 oz. Roasted,12 oz,72,-72,16,-,,-,-,FALSE,-,Private,Pantry,Fuster Cluck Farm,Retail
Coffee - 8 oz. Roasted,Coffee - 8 oz. Roasted,8 oz,13,-13,11.2,-,,-,-,FALSE,-,Private,Pantry,Fuster Cluck Farm,Retail
Coffee - K-Cups,Coffee - K-Cups,12 Cups,5,-5,10.5,-,,-,-,FALSE,-,Private,Pantry,Fuster Cluck Farm,Retail
Collins Rub & Seasoning Mix,Collins Rub & Seasoning Mix,Container,13,-9,10,-,,-,-,FALSE,-,Retail,Pantry,Fuster Cluck Farm,Retail
Cow Milk Feta,Cow Milk Feta,1/2 Pint,3,-2,16,-,,-,-,FALSE,-,Private,Dairy & Eggs,Fuster Cluck Farm,Retail
Crackers - Caraway,Crackers - Caraway,Package,6,-4,12,-,,-,-,FALSE,-,Retail,Bakery,Fuster Cluck Farm,Retail
Crackers - Italian Sourdough,Crackers - Italian Sourdough,Package,160,-158,12,-,,-,-,FALSE,-,Retail,Bakery,Fuster Cluck Farm,Retail
Crackers - Rosemary Sourdough,Crackers - Rosemary Sourdough,Package,315,-314,12,-,,-,-,FALSE,-,Retail,Bakery,Fuster Cluck Farm,Retail
Crackers - Sea Salt Sourdough,Crackers - Sea Salt Sourdough,Package,823,-816,12,-,,-,-,FALSE,-,Retail,Bakery,Fuster Cluck Farm,Retail
Crackers -Cheddar Sourdough,Crackers -Cheddar Sourdough,Package,159,-152,12,-,,-,-,FALSE,-,Retail,Bakery,Fuster Cluck Farm,Retail
Cranberry Sauce,Cranberry Sauce,8 oz,-,6,12,-,,-,-,FALSE,-,Retail,Pantry,Fuster Cluck Farm,Retail
Deodorant - Sundays Farm,Deodorant - Sundays Farm,1 oz.,27,-24,15,-,,-,-,FALSE,-,Retail,Non-Food Items,Fuster Cluck Farm,Retail
Dream Cheese  Goat ,Dream Cheese  Goat ,1/2 Pint,44,-35,20,-,,-,-,FALSE,-,Private,Dairy & Eggs,Fuster Cluck Farm,Retail
Dual Double Mushroom Tincture,Dual Double Extraction Shiitake & Oyster Mushroom Tincture,2 oz,9,-7,15,-,,-,-,FALSE,-,Retail,Pantry,Fuster Cluck Farm,Retail
Eggs - 12 count  medium  large  extra large ,Fresh eggs from free range Fuster Cluck Farm chickens. You can see and taste the difference! Unwashed.,Dozen,11,19,9,-,,-,-,FALSE,-,Retail,Dairy & Eggs,Fuster Cluck Farm,Retail
Eggs - Washed - 12 count  medium  large  extra large ,Fresh eggs from free range Fuster Cluck Farm chickens. You can see and taste the difference! Washed and Refrigerated,Dozen,-,6,9,-,,-,-,FALSE,-,Retail,Dairy & Eggs,Fuster Cluck Farm,Retail
Elderberry Tincture,Elderberry Tincture,2 oz.,22,-20,15,-,,-,-,FALSE,-,Retail,Pantry,Fuster Cluck Farm,Retail
Energy Tea,Energy Tea,Each,5,-1,12,-,,-,-,FALSE,-,Retail,Pantry,Fuster Cluck Farm,Retail
English Muffins - Sourdough,English Muffins - Sourdough,4-Pack,343,-343,10,-,,-,-,FALSE,-,Retail,Bakery,Fuster Cluck Farm,Retail
Everything Bagel Dip Mix,Everything Bagel Dip Mix,Package,-,-,6,-,,-,-,FALSE,-,Retail,Pantry,Fuster Cluck Farm,Retail
Fermented Garlic Honey,Fermented Garlic Honey,Jar,21,-19,20,-,,-,-,FALSE,-,Retail,Pantry,Fuster Cluck Farm,Retail
Fiesta Dip Mix,Fiesta Dip Mix,Package,1,-1,6,-,,-,-,FALSE,-,Retail,Pantry,Fuster Cluck Farm,Retail
Fig Jam,Fig Jam,Jar,3,1,15,-,,-,-,FALSE,-,Retail,Pantry,Fuster Cluck Farm,Retail
French Onion Dip Mix,French Onion Dip Mix,Package,1,-1,6,-,,-,-,FALSE,-,Retail,Pantry,Fuster Cluck Farm,Retail
Frozen Corn - Whole 6-pack,Frozen Corn - Whole 6-pack,Package of 6,29,-25,8.5,-,,-,-,FALSE,-,Retail,Vegetables,Fuster Cluck Farm,Retail
Gardenia Goat Milk Soap,Gardenia Goat Milk Soap,Bar,18,-5,10,-,,-,-,FALSE,-,Retail,Non-Food Items,Fuster Cluck Farm,Retail
Garlic Herb Bovre Cow Cheese,Garlic Herb Bovre Cow Cheese,8 oz,56,-53,12,-,,-,-,FALSE,-,Private,Dairy & Eggs,Fuster Cluck Farm,Retail
Gift Certificate,Gift Certificate,Dollars,18,-13,1,-,,-,-,FALSE,-,Retail,Meat (Other),Fuster Cluck Farm,Retail
Gift Gingerbread Granola,Gift Gingerbread Granola,Container,3,1,6,-,,-,-,FALSE,-,Retail,Pantry,Fuster Cluck Farm,Retail
Ginger Shot,Ginger Shot,Container,91,-79,8,-,,-,-,FALSE,-,Retail,Pantry,Sunday's Farm,Retail
Ginger Tincture,Ginger Tincture,2 oz,11,-9,15,-,,-,-,FALSE,-,Retail,Pantry,Fuster Cluck Farm,Retail
Gingerbread Granola,Gingerbread Granola,Container,5,-1,5,-,,-,-,FALSE,-,Retail,Pantry,Fuster Cluck Farm,Retail
Goat Milk Feta Cheese,Goat Milk Feta Cheese,0.3 lb,14,-7,20,-,,-,-,FALSE,-,Private,Dairy & Eggs,Fuster Cluck Farm,Retail
Goat Milk Kefir - Plain,Goat Milk Kefir - Plain,Pint,209,-204,20,-,,-,-,FALSE,-,Private,Dairy & Eggs,Fuster Cluck Farm,Retail
Grits - Organic Blue,Grits - Organic Blue,Pound,21,-20,8,-,,-,-,FALSE,-,Retail,Pantry,Fuster Cluck Farm,Retail
Grits - Organic Yellow,Grits - Organic Yellow,Pound,23,-23,8,-,,-,-,FALSE,-,Retail,Pantry,Fuster Cluck Farm,Retail
Grits - White,Grits - White,Pound,19,-15,7,-,,-,-,FALSE,-,Retail,Pantry,Fuster Cluck Farm,Retail
Hard Lotion,Hard Lotion,Bar,5,-3,6,-,,-,-,FALSE,-,Retail,Non-Food Items,Fuster Cluck Farm,Retail
Harvest Spice Goat Milk Soap,Harvest Spice Goat Milk Soap,Bar,33,-22,10,-,,-,-,FALSE,-,Retail,Non-Food Items,Fuster Cluck Farm,Retail
Heavy Cream - Simply Natural Creamery,Heavy Cream - Simply Natural Creamery,Pint,35,-35,8,-,,-,-,FALSE,-,Retail,Dairy & Eggs,Fuster Cluck Farm,Retail
Homemade Marshmallows - Maple,Homemade Marshmallows - Maple,4 Pack,7,-3,15,-,,-,-,FALSE,-,Retail,Pantry,Fuster Cluck Farm,Retail
Homemade Marshmallows - Regular,Homemade Marshmallows - Regular,4 Pack,14,-10,15,-,,-,-,FALSE,-,Retail,Pantry,Fuster Cluck Farm,Retail
Honey-Vanilla Bovre Cow Cheese,Honey-Vanilla Bovre Cow Cheese,8 oz,78,-76,12,-,,-,-,FALSE,-,Private,Dairy & Eggs,Fuster Cluck Farm,Retail
Hot Chocolate Kit,Hot Chocolate Mix with Marshmallows,Each,2,-1,25,-,,-,-,FALSE,-,Retail,Pantry,Fuster Cluck Farm,Retail
Hot Chocolate Mix,Hot Chocolate Mix,Jar,5,1,15,-,,-,-,FALSE,-,Retail,Pantry,Fuster Cluck Farm,Retail
Hot Honey,Hot Honey - Drizzle over chicken  pizza  etc.,4 oz,4,-2,15,-,,-,-,FALSE,-,Retail,Pantry,Fuster Cluck Farm,Retail
Ice Cream - Vollmer Farm,Ice Cream - Vollmer Farm,1/2 Pint,176,-176,5,-,,-,-,FALSE,-,Retail,Dairy & Eggs,Fuster Cluck Farm,Retail
Inspirational Cards,Inspirational Cards,Each,4,-,15,-,,-,-,FALSE,-,Retail,Non-Food Items,Fuster Cluck Farm,Retail
Jam - Hot Pepper,Jam - Hot Pepper,8 oz Jar,28,-25,12,-,,-,-,FALSE,-,Retail,Pantry,Fuster Cluck Farm,Retail
Kefir Grains,Kefir Grains,Jar,25,-23,10,-,,-,-,FALSE,-,Retail,Pantry,Fuster Cluck Farm,Retail
Kitchen Coffee Spice Soap,Kitchen Coffee Spice Soap,Bar,3,-2,10,-,,-,-,FALSE,-,Retail,Non-Food Items,Fuster Cluck Farm,Retail
Large Ginger Shot,Large Ginger Shot,Container,16,-15,16,-,,-,-,FALSE,-,Retail,Pantry,Fuster Cluck Farm,Retail
Laundry Soap - Sunday's Farm,Laundry Soap - Sunday's Farm,2.5 LB,51,-49,15,-,,-,-,FALSE,-,Retail,Non-Food Items,Fuster Cluck Farm,Retail
Lavender Vanilla Lard Soap,Lavender Vanilla Lard Soap,Bar,26,-16,10,-,,-,-,FALSE,-,Retail,Non-Food Items,Fuster Cluck Farm,Retail
Lilac & Lilly Goat Milk Soap,Lilac & Lilly Goat Milk Soap,Bar,15,-5,10,-,,-,-,FALSE,-,Retail,Non-Food Items,Fuster Cluck Farm,Retail
Lily of the Valley Goat Milk Soap,Lily of the Valley Goat Milk Soap,Bar,10,-3,10,-,,-,-,FALSE,-,Retail,Non-Food Items,Fuster Cluck Farm,Retail
Lip Balm,Lip Balm,Each,63,-55,5,-,,-,-,FALSE,-,Retail,Non-Food Items,Fuster Cluck Farm,Retail
Livestock - Baby Chicks  barnyard mix - straight run ,Livestock - Baby Chicks  barnyard mix - straight run ,Each,11,-6,5,-,,-,-,FALSE,-,Retail,Meat (Other),Fuster Cluck Farm,Retail
Livestock - Baby Chicks  Black Star ,Livestock - Baby Chicks  Black Star ,Each,103,-95,10,-,,-,-,FALSE,-,Retail,Livestock,Fuster Cluck Farm,Retail
Livestock - Roosters,Livestock - Roosters,Each,20,-,10,-,,-,-,FALSE,-,Retail,Livestock,Fuster Cluck Farm,Retail
Local Honey - 16 oz,Local Honey - 16 oz,Pound,46,-34,20,-,,-,-,FALSE,-,Retail,Pantry,Fuster Cluck Farm,Retail
Luffa Sponge,Luffa Sponge,Each,13,-8,3,-,,-,-,FALSE,-,Retail,Non-Food Items,Fuster Cluck Farm,Retail
Magnesium Butter Lotion,Magnesium Butter Lotion,4 oz,28,-22,25,-,,-,-,FALSE,-,Retail,Non-Food Items,Fuster Cluck Farm,Retail
Magnesium Oil Spray - 4 oz,Magnesium Oil Spray - 4 oz,4 oz.,26,-22,20,-,,-,-,FALSE,-,Retail,Non-Food Items,Fuster Cluck Farm,Retail
Maple Syrup,Maple Syrup,8 ounce,4,6,15,-,,-,-,FALSE,-,Retail,Pantry,Fuster Cluck Farm,Retail
Microgreens - Cantaloupe,Microgreens - Cantaloupe,2 oz,11,-9,7,-,,-,-,FALSE,-,Retail,Vegetables,Fuster Cluck Farm,Retail
Microgreens - Pizza Topper,Microgreens - Pizza Topper,2 oz,16,-14,7,-,,-,-,FALSE,-,Retail,Vegetables,Fuster Cluck Farm,Retail
Microgreens - Powerhouse Blend,Microgreens - Powerhouse Blend - Arugula  Kale  Kohlrabi  Broccoli Cabbage,1.5 oz,52,-50,7,-,,-,-,FALSE,-,Retail,Vegetables,Fuster Cluck Farm,Retail
Microgreens - Spicy Salad,Microgreens - Spicy Salad,2 oz,34,-32,7,-,,-,-,FALSE,-,Retail,Vegetables,Fuster Cluck Farm,Retail
Microgreens - Veggie Confetti,Microgreens - Veggie Confetti,2 oz,40,-38,7,-,,-,-,FALSE,-,Retail,Vegetables,Fuster Cluck Farm,Retail
Milk - A2A2 Cow - Raw Pet Treat  Friday pickup ,Milk - A2A2 Cow - Raw Pet Treat  Friday pickup ,Half Gallon,9,16,12,-,,-,-,FALSE,-,Retail,Dairy & Eggs,Fuster Cluck Farm,Friday Only
Milk - A2A2 Cow - Raw Pet Treat  Friday Subscription ,Milk - A2A2 Cow - Raw Pet Treat  Friday Subscription ,Half Gallon,2,8,-,-,,-,-,FALSE,-,Retail,Dairy & Eggs,Fuster Cluck Farm,Friday Only
Milk - A2A2 Cow - Raw Pet Treat  Monday pickup ,Milk - A2A2 Cow - Raw Pet Treat  Monday pickup ,Half Gallon,4,26,12,-,,-,-,FALSE,-,Retail,Dairy & Eggs,Fuster Cluck Farm,Monday Evening Only
Milk - A2A2 Cow - Raw Pet Treat  Monday Subscription ,Milk - A2A2 Cow - Raw Pet Treat  Monday Subscription ,Half Gallon,-,10,-,-,,-,-,FALSE,-,Retail,Dairy & Eggs,Fuster Cluck Farm,Monday Evening Only
Milk - A2A2 Cow - Raw Pet Treat  Saturday pickup ,Milk - A2A2 Cow - Raw Pet Treat  Saturday pickup ,Half Gallon,1,19,12,-,,-,-,FALSE,-,Retail,Dairy & Eggs,Fuster Cluck Farm,Saturday Only
Milk - A2A2 Cow - Raw Pet Treat  Saturday Subscription ,Milk - A2A2 Cow - Raw Pet Treat  Saturday Subscription ,Half Gallon,1,5,-,-,,-,-,FALSE,-,Retail,Dairy & Eggs,Fuster Cluck Farm,Saturday Only
Milk - Nigerian Dwarf Goat - Raw Pet Treat,Milk - Nigerian Dwarf Goat - Raw Pet Treat,1/2 Gallon,17,-17,25,-,,-,-,FALSE,-,Retail,Dairy & Eggs,Old Glory Farm [F23],Retail
Misc - Cooler Bag,Misc - Cooler Bag,Each,31,-20,15,-,,-,-,FALSE,-,Retail,Non-Food Items,Fuster Cluck Farm,Retail
Misc - Hat - Embroidered,Misc - Hat - Embroidered,Each,9,-4,30,-,,-,-,FALSE,-,Retail,Non-Food Items,Fuster Cluck Farm,Retail
Misc Elderberry Syrup DIY Kit,Misc Elderberry Syrup DIY Kit,Each,3,-3,20,-,,-,-,FALSE,-,Retail,Non-Food Items,Fuster Cluck Farm,Retail
Misc Elderberry Syrup Jar 16 oz,Misc Elderberry Syrup Jar 16 oz,16 oz.,21,-18,30,-,,-,-,FALSE,-,Retail,Non-Food Items,Fuster Cluck Farm,Retail
Misc Koozie - regular,Misc Koozie - regular,Each,34,-14,4,-,,-,-,FALSE,-,Retail,Non-Food Items,Fuster Cluck Farm,Retail
Misc Koozie - tall,Misc Koozie - tall,Each,14,-4,4,-,,-,-,FALSE,-,Retail,Non-Food Items,Fuster Cluck Farm,Retail
Misc T-Shirt Adult,Misc T-Shirt Adult,Each,25,-23,30,-,,-,-,TRUE,1,Retail,Non-Food Items,Fuster Cluck Farm,Retail
Misc T-Shirt Youth,Misc T-Shirt Youth,Each,-,-,25,-,,-,-,FALSE,-,Retail,Non-Food Items,Fuster Cluck Farm,Retail
Muffins,Muffins,Package,250,-246,15,-,,-,-,FALSE,-,Retail,Bakery,Fuster Cluck Farm,Retail
Muscadine Jelly,Muscadine Jelly,Jar,6,-2,15,-,,-,-,FALSE,-,Retail,Pantry,Fuster Cluck Farm,Retail
Oat and Honey Goat Milk Soap,Oat and Honey Goat Milk Soap,Bar,16,-8,10,-,,-,-,FALSE,-,Retail,Non-Food Items,Fuster Cluck Farm,Retail
Organic Chocolate Syrup,Organic Chocolate Syrup,Jar,21,-19,8,-,,-,-,FALSE,-,Retail,Pantry,Fuster Cluck Farm,Retail
Papa Scott's Farmhouse Blend Seasoning,Papa Scott's Farmhouse Blend Seasoning,Container,5,-1,7.5,-,,-,-,FALSE,-,Retail,Pantry,Fuster Cluck Farm,Retail
Papa Scott's Ranch Dressing,Papa Scott's Ranch Dressing,Jar,4,-4,7,-,,-,-,FALSE,-,Retail,Pantry,Fuster Cluck Farm,Retail
Pecans - Pieces,Pecans - Pieces,Pound,3,4,16,-,,-,-,FALSE,-,Retail,Vegetables,Fuster Cluck Farm,Retail
Pecans - Whole,Pecans - Whole,Pound,2,5,16,-,,-,-,FALSE,-,Retail,Vegetables,Fuster Cluck Farm,Retail
Pepper Hash - Homemade,Pepper Hash - Homemade,Pint Jar,19,-19,12,-,,-,-,FALSE,-,Private,Pantry,Fuster Cluck Farm,Retail
Pimiento Cheese - Homemade,Pimiento Cheese - Homemade,1/2 Pound,461,-456,10,-,,-,-,FALSE,-,Retail,Dairy & Eggs,Fuster Cluck Farm,Retail
Pork - Baby Back Ribs,Pork - Baby Back Ribs,0.75-1.5 LB,7,-2,-,3.75,10,0.75,1.5,FALSE,-,Retail,Pork,Fuster Cluck Farm,Retail
Pork - Bacon,Pork - Bacon,0.5-1.5 LB,29,-14,-,7,15,0.5,1.5,FALSE,-,Retail,Pork,Fuster Cluck Farm,Retail
Pork - Bacon Ends and Pieces,Pork - Bacon Ends and Pieces,0.75-1.25 LB,1,10,-,3.5,7,0.75,1.25,FALSE,-,Retail,Pork,Fuster Cluck Farm,Retail
Pork - Boston Butt,Pork - Boston Butt,2.25-10.5 lb,2,2,-,15,9,2.25,10.5,FALSE,-,Retail,Pork,Fuster Cluck Farm,Retail
Pork - Chorizo Sausage,Pork - Chorizo Sausage,0.9-1.4 lbs,3,29,-,7,12,0.9,1.4,FALSE,-,Retail,Pork,Fuster Cluck Farm,Retail
Pork - Fuster Cluck Farm Bratwurst,Pork - Fuster Cluck Farm Bratwurst,0.75-1.15 LB,9,51,-,6,15,0.75,1.15,FALSE,-,Retail,Pork,Fuster Cluck Farm,Retail
Pork - Ground,Pork - Ground,.75-1.25 lb,8,12,-,4,10,0.75,1.25,FALSE,-,Retail,Pork,Fuster Cluck Farm,Retail
Pork - Hickory Smoked Hocks,Pork - Hickory Smoked Hocks,1-2 LB,4,6,-,6,10,1,2,FALSE,-,Retail,Pork,Fuster Cluck Farm,Retail
Pork - Hot Baby Links,Pork - Hot Baby Links,0.75-1.25 LB,6,44,-,5,12,0.75,1.25,FALSE,-,Retail,Pork,Fuster Cluck Farm,Retail
Pork - Hot Breakfast Sausage Ground,Pork - Hot Breakfast Sausage Ground,0.75-1.25 LB,23,19,-,5,12,0.75,1.25,FALSE,-,Retail,Pork,Fuster Cluck Farm,Retail
Pork - Jalapeno Smoked Sausage,Pork - Jalapeno Smoked Sausage,0.75-1.25 LB,31,19,-,5,12,0.75,1.25,FALSE,-,Retail,Pork,Fuster Cluck Farm,Retail
Pork - Lard Fat,Pork - Lard Fat,1-3 lbs,-,-,-,1,2,1,3,FALSE,-,Retail,Pork,Fuster Cluck Farm,Retail
Pork - Loin Roast Boneless,Pork - Loin Roast Boneless,2.5-4.5 LB,6,15,-,14,13,2.5,4.5,FALSE,-,Retail,Pork,Fuster Cluck Farm,Retail
Pork - Mild Baby Links,Pork - Mild Baby Links,0.75-1.25 LB,59,16,-,5,12,0.75,1.25,FALSE,-,Retail,Pork,Fuster Cluck Farm,Retail
Pork - Mild Breakfast Sausage Ground,Pork - Mild Breakfast Sausage Ground,0.75-1.5 LB,20,30,-,6,12,0.75,1.5,FALSE,-,Retail,Pork,Fuster Cluck Farm,Retail
Pork - Mild Italian Sausage Ground,Pork - Mild Italian Sausage Ground,0.75-1.75 LB,57,-17,-,5,12,0.75,1.25,FALSE,-,Retail,Pork,Fuster Cluck Farm,Retail
Pork - Picnic,Pork - Picnic,1.75-12 lbs,3,3,-,15,12,1.75,12,FALSE,-,Retail,Pork,Fuster Cluck Farm,Retail
Pork - Pinwheel Mild Italian Sausage,Pork - Pinwheel Mild Italian Sausage,1.5-2.5 LB,14,8,-,7,12,1.5,2.5,FALSE,-,Retail,Pork,Fuster Cluck Farm,Retail
Pork - Pork Chops,Pork - Pork Chops,0.4-1.5 lbs,69,26,-,3,12,0.4,1.5,FALSE,-,Retail,Pork,Fuster Cluck Farm,Retail
Pork - Rendered Lard Quart,Pork - Rendered Lard Quart from Heritage hogs. Rendered in a USDA facility.,Quart,3,27,30,-,,-,-,FALSE,-,Retail,Pork,Fuster Cluck Farm,Retail
Pork - Smoked Polish Sausage  Kielbasa ,Pork - Smoked Polish Sausage  Kielbasa ,4-pack,11,59,-,7,15,0.75,1.25,FALSE,-,Retail,Pork,Fuster Cluck Farm,Retail
Pork - Smoked Tend Ham,Pork - Smoked Tend Ham,7-9 LBS,3,-,-,60,15,7,9,FALSE,-,Retail,Pork,Fuster Cluck Farm,Retail
Pork - St. Louis Spare Ribs,Pork - St. Louis Spare Ribs,1-4.5 lb,1,11,-,6.5,10,1,4.5,FALSE,-,Retail,Pork,Fuster Cluck Farm,Retail
Pork - Tenderloin,Pork - Tenderloin,0.4-1.5 lb,2,6,-,5,18,0.4,1.5,FALSE,-,Retail,Pork,Fuster Cluck Farm,Retail
Pure Vanilla Extract,Pure Vanilla Extract,4 oz.,9,6,30,-,,-,-,FALSE,-,Retail,Pantry,Fuster Cluck Farm,Retail
Ranch Seasoning Mix,Ranch Seasoning Mix,4 oz,4,-2,7,-,,-,-,FALSE,-,Retail,Pantry,Fuster Cluck Farm,Retail
Raspberry Lemonade Goat Milk Soap,Raspberry Lemonade Goat Milk Soap,Bar,6,3,10,-,,-,-,FALSE,-,Retail,Non-Food Items,Fuster Cluck Farm,Retail
Raspberry Vanilla Goat Milk Soap,Raspberry Vanilla Goat Milk Soap,Bar,9,1,10,-,,-,-,FALSE,-,Retail,Non-Food Items,Fuster Cluck Farm,Retail
Rose & Peony Goat Milk Soap,Rose & Peony Goat Milk Soap,Bar,13,-6,10,-,,-,-,FALSE,-,Retail,Non-Food Items,Fuster Cluck Farm,Retail
Scone Flight - Sourdough,Scone Flight - Sourdough,Package,12,-12,12,-,,-,-,FALSE,-,Retail,Bakery,Fuster Cluck Farm,Retail
Scones - Sourdough,Scones - Sourdough,2-pack,281,-280,7.5,-,,-,-,FALSE,-,Retail,Bakery,Fuster Cluck Farm,Retail
Seasoning Gift Pack,Seasoning Gift Pack,Package,-,3,20,-,,-,-,FALSE,-,Retail,Pantry,Fuster Cluck Farm,Retail
Simmer Potpourri,Simmer Potpourri,Bag,13,-13,10,-,,-,-,FALSE,-,Retail,Non-Food Items,Fuster Cluck Farm,Retail
Sourdough Baguette,Sourdough Baguette,Loaf,67,-65,8,-,,-,-,FALSE,-,Retail,Bakery,Fuster Cluck Farm,Retail
Sourdough Bread Cubes,Sourdough Bread Cubes,1 Pound,6,-4,15,-,,-,-,FALSE,-,Retail,Bakery,Fuster Cluck Farm,Retail
Sourdough Bread Flight,Sourdough Bread Flight,4 Pack,8,-8,30,-,,-,-,FALSE,-,Retail,Bakery,Fuster Cluck Farm,Retail
Sourdough Brownies 2-pack,Sourdough Brownies 2-pack,2-pack,354,-348,8,-,,-,-,FALSE,-,Retail,Bakery,Fuster Cluck Farm,Retail
Sourdough Buttermilk Waffles  8 Pack  Frozen ,Sourdough Buttermilk Waffles  8 Pack  Frozen ,8 Pack,19,-12,15,-,,-,-,FALSE,-,Retail,Bakery,Fuster Cluck Farm,Retail
Sourdough Cinnamon Sugar Pull Apart Bread,Sourdough Cinnamon Sugar Pull Apart Bread,Package,19,-18,15,-,,-,-,FALSE,-,Retail,Bakery,Fuster Cluck Farm,Retail
Sourdough Cookies - 6-pack,Sourdough Cookies - 6-pack,6-pack,1194,-1194,12,-,,-,-,FALSE,-,Retail,Bakery,Sourdough Haven Bread and Bakery [F9],Retail
Sourdough Focaccia,Sourdough Focaccia,Loaf,199,-198,10,-,,-,-,FALSE,-,Retail,Bakery,Fuster Cluck Farm,Retail
Sourdough Gingerbread Cookies,Sourdough Gingerbread Cookies,Package,17,-13,12,-,,-,-,FALSE,-,Retail,Bakery,Sourdough Haven Bread and Bakery [F9],Retail
Sourdough Hamburger Buns - 8 Pack,Sourdough Hamburger Buns - 8 Pack,8-Pack,40,-40,16,-,,-,-,FALSE,-,Retail,Bakery,Fuster Cluck Farm,Retail
Sourdough Hot Dog Buns - 8 Pack,Sourdough Hot Dog Buns - 8 Pack,8 Pack,5,-5,14,-,,-,-,FALSE,-,Retail,Bakery,Fuster Cluck Farm,Retail
Sourdough Pancake Mix,Sourdough Pancake Mix,Package,23,-23,15,-,,-,-,FALSE,-,Retail,Bakery,Fuster Cluck Farm,Retail
Sourdough Pumpkin Bread 2 Slices,Sourdough Pumpkin Bread 2 Slices,2 Slices,93,-93,8,-,,-,-,FALSE,-,Retail,Bakery,Fuster Cluck Farm,Retail
Sourdough Rolls,Sourdough Rolls,Half Dozen,6,-2,12,-,,-,-,FALSE,-,Retail,Bakery,Fuster Cluck Farm,Retail
Sourdough Snicker Doodle Cookies - 6-pack,Sourdough Snicker Doodle Cookies - 6-pack,6-Pack,6,-,12,-,,-,-,FALSE,-,Retail,Bakery,Fuster Cluck Farm,Retail
Sourdough Starter - Pint,Sourdough Starter - Pint,Pint,6,-4,15,-,,-,-,FALSE,-,Retail,Bakery,Fuster Cluck Farm,Retail
Spreadable Whipped Honey,Spreadable Whipped Honey,Half Pint,5,-1,25,-,,-,-,FALSE,-,Retail,Pantry,Fuster Cluck Farm,Retail
Strawberry Bovre Cow Cheese,Strawberry Bovre Cow Cheese,8 oz,43,-39,12,-,,-,-,FALSE,-,Private,Dairy & Eggs,Fuster Cluck Farm,Retail
Strawberry Jam,Strawberry Jam,Half Pint,8,-6,15,-,,-,-,FALSE,-,Private,Fruit,Fuster Cluck Farm,Retail
Sundays Farm Gift Pack 20,Sundays Farm Gift Pack 20,Pack,7,-3,26,-,,-,-,FALSE,-,Retail,Non-Food Items,Fuster Cluck Farm,Retail
Surdough Pizza Crust,Surdough Pizza Crust,2 Pack,108,-108,15,-,,-,-,FALSE,-,Retail,Bakery,Fuster Cluck Farm,Retail
Sweet Pickles,Sweet Pickles,Quart,4,-2,12,-,,-,-,FALSE,-,Retail,Vegetables,Fuster Cluck Farm,Retail
Sweet Potatoes,Sweet Potatoes,Pound,25,-13,-,1,2,1,5,FALSE,-,Retail,Vegetables,Fuster Cluck Farm,Retail
Sweet Potatoes  Box ,Sweet Potatoes  Box ,Box  20 Pounds ,2,-1,24,-,,-,-,FALSE,-,Retail,Vegetables,Fuster Cluck Farm,Retail
Tabbaco & Bay Leaf Goat Milk Soap,Tabbaco & Bay Leaf Goat Milk Soap,Bar,16,-7,10,-,,-,-,FALSE,-,Retail,Non-Food Items,Fuster Cluck Farm,Retail
Tallow Balm - Lavender-Comfrey Whipped,Tallow Balm - Lavender-Comfrey Whipped - 6 oz,2 oz,-,-,15,-,,-,-,FALSE,-,Retail,Non-Food Items,Fuster Cluck Farm,Retail
Tallow Balm - Lavender-Comfrey Whipped,binned item  unit size 4 oz. ,4 oz.,-,-,24,-,,-,-,FALSE,-,Retail,Non-Food Items,Fuster Cluck Farm,Retail
Tallow Gift Bag,Tallow Gift Bag,Each,2,-1,35,-,,-,-,FALSE,-,Retail,Non-Food Items,Fuster Cluck Farm,Retail
Tincture,Tincture,Bottle,42,-37,15,-,,-,-,FALSE,-,Retail,Pantry,Fuster Cluck Farm,Retail
Tomato Juice - Homemade,Tomato Juice - Homemade,Quart Jar,9,-9,15,-,,-,-,FALSE,-,Retail,Pantry,Fuster Cluck Farm,Retail
Tooth Powder,Tooth Powder,2 oz.,38,-31,15,-,,-,-,FALSE,-,Retail,Non-Food Items,Fuster Cluck Farm,Retail
Tuscan Bread Dip Mix,Tuscan Bread Dip Mix,Package,26,-26,7.5,-,,-,-,FALSE,-,Retail,Bakery,Fuster Cluck Farm,Retail
Unsalted Butter - Simply Natural Creamery,Unsalted Butter - Simply Natural Creamery,1 LB,3,7,14,-,,-,-,FALSE,-,Retail,Dairy & Eggs,Simply Natural Creamery,Retail
Unscented Goat Milk Soap,Unscented Goat Milk Soap,Bar,48,-41,10,-,,-,-,FALSE,-,Retail,Non-Food Items,Fuster Cluck Farm,Retail
Violet Goat Milk Soap,Violet Goat Milk Soap,Bar,20,-10,10,-,,-,-,FALSE,-,Retail,Non-Food Items,Fuster Cluck Farm,Retail
Whipped Tallow Face Balm,Whipped Tallow Face BalmTallow  JoJoba Oil  Castor Oil  Rosehip Seed Oil  Frankincense Oil  Lavender Essential Oil,2 oz,-,-,20,-,,-,-,FALSE,-,Retail,Non-Food Items,Fuster Cluck Farm,Retail
Whipped Tallow Face Balm,binned item  unit size 6 oz ,6 oz,-,-,40,-,,-,-,FALSE,-,Retail,Non-Food Items,Fuster Cluck Farm,Retail
Yogurt - 8 oz,Yogurt - 8 oz,8 oz,24,-23,5,-,,-,-,FALSE,-,Private,Dairy & Eggs,Fuster Cluck Farm,Retail
